Notification Issued Date Time,Service,Description,Effective From Date Time,Effective To Date Time,Notes
01/04/2025 09:00,STOR,STOR requirements update,02/04/2025 05:00,,Please note that STOR day-ahead requirement has increased to 1700MW from the auction on 1 April 2025 (for delivery on 2 April 2025) as per updated guidance on the NESO STOR website.
07/02/2025 11:20,STOR,STOR auction results failure,07/02/2025 05:00,,There was a technical issue with todays STOR auction resulting in no bids being accepted. There will be no replacement auction. We expect the auction tomorrow to run as normal.
07/02/2025 10:00,STOR,STOR auction results timing of publishing,07/02/2025 05:00,,"Due to technical issues, there will be a delay in publishing todays auction results."
10/01/2025 13:40,STOR,STOR auction results timing of publishing,11/01/2025 05:00,11/01/2025 07:30,"Due to internal IT outage on Saturday 11/01/2025, there will be a delay of ca. 2 hours in publishing STOR DA auction results for delivery on 12/01/2025."
17/08/2024 11:35,STOR,STOR auction results failure,19/08/2024 05:00,20/08/2024 05:00,Auction results for tomorrow's auction should be as normal.
17/08/2024 09:20,STOR,STOR auction results failure,18/08/2024 05:00,19/08/2024 05:00,There was a technical issue with today's auction resulting in no bids being accepted. There will be no replacement auction on 17th Aug.  There will be an update provided later today regarding tomorrow's (18th Aug) auction.
02/04/2024 18:00,STOR,"We have scheduled maintenance for the Data Portal on 4th April 2024, from 2:00 AM to 6:00 AM. During this time, the Data Portal will be unavailable for 4 hours and DC 4 day forecast publication may be delayed. The purpose of this maintenance is to improve the portal and provide users with a more stable environment",04/04/2024 02:00,04/04/2024 06:00,
28/03/2024 14:00,STOR,"We have scheduled maintenance for the Data Portal on 2nd April 2024, from 2:00 AM to 6:00 AM. During this time, the Data Portal will be unavailable for 4 hours and STOR Auction Results publication may be delayed. The purpose of this maintenance is to improve the portal and provide users with a more stable environment",02/04/2024 02:00,02/04/2024 06:00,
01/03/2024 10:00,STOR,STOR auction results timing of publishing,03/03/2024 05:00,03/03/2024 07:30,"Due to internal IT outage on Sunday 03/03/2024, there will be a delay of ca. 2 hours in publishing STOR DA auction results for delivery on 04/03/2024."
